{"app":["/app-82aceae7212c1a150963.js"],"component---gatsby-theme-cxlist-agency-src-templates-page-js":["/component---gatsby-theme-cxlist-agency-src-templates-page-js-08f463746764fc5a9c3f.js"],"component---gatsby-theme-cxlist-tools-src-templates-index-js":["/component---gatsby-theme-cxlist-tools-src-templates-index-js-06dc4c3d6f4c8c595fdc.js"],"component---gatsby-theme-cxlist-design-src-templates-index-js":["/component---gatsby-theme-cxlist-design-src-templates-index-js-86e28916e4dd85ffb9e4.js"],"component---gatsby-theme-cxlist-design-src-templates-page-js":["/component---gatsby-theme-cxlist-design-src-templates-page-js-cb47bb5ea074a06e5188.js"],"component---cache-caches-gatsby-plugin-offline-app-shell-js":["/component---cache-caches-gatsby-plugin-offline-app-shell-js-96dd417c20c8ee991d4e.js"],"component---gatsby-theme-cxlist-design-src-pages-404-js":["/component---gatsby-theme-cxlist-design-src-pages-404-js-e69a84c2df9f12954baa.js"],"component---src-pages-about-mdx":["/component---src-pages-about-mdx-f30173da50dd4391a32e.js"]}