{"errors":[],"warnings":[],"namedChunkGroups":{"app":{"chunks":[13,12,4],"assets":["webpack-runtime-9b353e60d9976ca4edd9.js","webpack-runtime-9b353e60d9976ca4edd9.js.map","framework-b15b59d24b82bda7c452.js","framework-b15b59d24b82bda7c452.js.map","app-82aceae7212c1a150963.js","app-82aceae7212c1a150963.js.map"],"children":{},"childAssets":{}},"component---gatsby-theme-cxlist-agency-src-templates-page-js":{"chunks":[1,0,2,6],"assets":["baedf866-cfae6f7bd4aa40c0f9fd.js","baedf866-cfae6f7bd4aa40c0f9fd.js.map","46c8b76104c3d6b8e871ce2b4e3b0403dffbd2c9-fd3165c4b09e6895daee.js","46c8b76104c3d6b8e871ce2b4e3b0403dffbd2c9-fd3165c4b09e6895daee.js.map","3552ee89dc526b38e04d9a33aef7caf9dd852051-05d1d4ad731c680d958c.js","3552ee89dc526b38e04d9a33aef7caf9dd852051-05d1d4ad731c680d958c.js.map","component---gatsby-theme-cxlist-agency-src-templates-page-js-08f463746764fc5a9c3f.js","component---gatsby-theme-cxlist-agency-src-templates-page-js-08f463746764fc5a9c3f.js.map"],"children":{},"childAssets":{}},"component---gatsby-theme-cxlist-tools-src-templates-index-js":{"chunks":[1,0,2,10],"assets":["baedf866-cfae6f7bd4aa40c0f9fd.js","baedf866-cfae6f7bd4aa40c0f9fd.js.map","46c8b76104c3d6b8e871ce2b4e3b0403dffbd2c9-fd3165c4b09e6895daee.js","46c8b76104c3d6b8e871ce2b4e3b0403dffbd2c9-fd3165c4b09e6895daee.js.map","3552ee89dc526b38e04d9a33aef7caf9dd852051-05d1d4ad731c680d958c.js","3552ee89dc526b38e04d9a33aef7caf9dd852051-05d1d4ad731c680d958c.js.map","component---gatsby-theme-cxlist-tools-src-templates-index-js-06dc4c3d6f4c8c595fdc.js","component---gatsby-theme-cxlist-tools-src-templates-index-js-06dc4c3d6f4c8c595fdc.js.map"],"children":{},"childAssets":{}},"component---gatsby-theme-cxlist-design-src-templates-index-js":{"chunks":[1,0,2,3,8],"assets":["baedf866-cfae6f7bd4aa40c0f9fd.js","baedf866-cfae6f7bd4aa40c0f9fd.js.map","46c8b76104c3d6b8e871ce2b4e3b0403dffbd2c9-fd3165c4b09e6895daee.js","46c8b76104c3d6b8e871ce2b4e3b0403dffbd2c9-fd3165c4b09e6895daee.js.map","3552ee89dc526b38e04d9a33aef7caf9dd852051-05d1d4ad731c680d958c.js","3552ee89dc526b38e04d9a33aef7caf9dd852051-05d1d4ad731c680d958c.js.map","e7ac77c72ca1f8d859c83cb3ee9734671488f9d2-624f92f16705fa116eb5.js","e7ac77c72ca1f8d859c83cb3ee9734671488f9d2-624f92f16705fa116eb5.js.map","component---gatsby-theme-cxlist-design-src-templates-index-js-86e28916e4dd85ffb9e4.js","component---gatsby-theme-cxlist-design-src-templates-index-js-86e28916e4dd85ffb9e4.js.map"],"children":{},"childAssets":{}},"component---gatsby-theme-cxlist-design-src-templates-page-js":{"chunks":[1,0,2,3,9],"assets":["baedf866-cfae6f7bd4aa40c0f9fd.js","baedf866-cfae6f7bd4aa40c0f9fd.js.map","46c8b76104c3d6b8e871ce2b4e3b0403dffbd2c9-fd3165c4b09e6895daee.js","46c8b76104c3d6b8e871ce2b4e3b0403dffbd2c9-fd3165c4b09e6895daee.js.map","3552ee89dc526b38e04d9a33aef7caf9dd852051-05d1d4ad731c680d958c.js","3552ee89dc526b38e04d9a33aef7caf9dd852051-05d1d4ad731c680d958c.js.map","e7ac77c72ca1f8d859c83cb3ee9734671488f9d2-624f92f16705fa116eb5.js","e7ac77c72ca1f8d859c83cb3ee9734671488f9d2-624f92f16705fa116eb5.js.map","component---gatsby-theme-cxlist-design-src-templates-page-js-cb47bb5ea074a06e5188.js","component---gatsby-theme-cxlist-design-src-templates-page-js-cb47bb5ea074a06e5188.js.map"],"children":{},"childAssets":{}},"component---cache-caches-gatsby-plugin-offline-app-shell-js":{"chunks":[5],"assets":["component---cache-caches-gatsby-plugin-offline-app-shell-js-96dd417c20c8ee991d4e.js","component---cache-caches-gatsby-plugin-offline-app-shell-js-96dd417c20c8ee991d4e.js.map"],"children":{},"childAssets":{}},"component---gatsby-theme-cxlist-design-src-pages-404-js":{"chunks":[1,0,3,7],"assets":["baedf866-cfae6f7bd4aa40c0f9fd.js","baedf866-cfae6f7bd4aa40c0f9fd.js.map","46c8b76104c3d6b8e871ce2b4e3b0403dffbd2c9-fd3165c4b09e6895daee.js","46c8b76104c3d6b8e871ce2b4e3b0403dffbd2c9-fd3165c4b09e6895daee.js.map","e7ac77c72ca1f8d859c83cb3ee9734671488f9d2-624f92f16705fa116eb5.js","e7ac77c72ca1f8d859c83cb3ee9734671488f9d2-624f92f16705fa116eb5.js.map","component---gatsby-theme-cxlist-design-src-pages-404-js-e69a84c2df9f12954baa.js","component---gatsby-theme-cxlist-design-src-pages-404-js-e69a84c2df9f12954baa.js.map"],"children":{},"childAssets":{}},"component---src-pages-about-mdx":{"chunks":[11],"assets":["component---src-pages-about-mdx-f30173da50dd4391a32e.js","component---src-pages-about-mdx-f30173da50dd4391a32e.js.map"],"children":{},"childAssets":{}}},"assetsByChunkName":{"app":["webpack-runtime-9b353e60d9976ca4edd9.js","framework-b15b59d24b82bda7c452.js","app-82aceae7212c1a150963.js"],"component---gatsby-theme-cxlist-agency-src-templates-page-js":["baedf866-cfae6f7bd4aa40c0f9fd.js","46c8b76104c3d6b8e871ce2b4e3b0403dffbd2c9-fd3165c4b09e6895daee.js","3552ee89dc526b38e04d9a33aef7caf9dd852051-05d1d4ad731c680d958c.js","component---gatsby-theme-cxlist-agency-src-templates-page-js-08f463746764fc5a9c3f.js"],"component---gatsby-theme-cxlist-tools-src-templates-index-js":["baedf866-cfae6f7bd4aa40c0f9fd.js","46c8b76104c3d6b8e871ce2b4e3b0403dffbd2c9-fd3165c4b09e6895daee.js","3552ee89dc526b38e04d9a33aef7caf9dd852051-05d1d4ad731c680d958c.js","component---gatsby-theme-cxlist-tools-src-templates-index-js-06dc4c3d6f4c8c595fdc.js"],"component---gatsby-theme-cxlist-design-src-templates-index-js":["baedf866-cfae6f7bd4aa40c0f9fd.js","46c8b76104c3d6b8e871ce2b4e3b0403dffbd2c9-fd3165c4b09e6895daee.js","3552ee89dc526b38e04d9a33aef7caf9dd852051-05d1d4ad731c680d958c.js","e7ac77c72ca1f8d859c83cb3ee9734671488f9d2-624f92f16705fa116eb5.js","component---gatsby-theme-cxlist-design-src-templates-index-js-86e28916e4dd85ffb9e4.js"],"component---gatsby-theme-cxlist-design-src-templates-page-js":["baedf866-cfae6f7bd4aa40c0f9fd.js","46c8b76104c3d6b8e871ce2b4e3b0403dffbd2c9-fd3165c4b09e6895daee.js","3552ee89dc526b38e04d9a33aef7caf9dd852051-05d1d4ad731c680d958c.js","e7ac77c72ca1f8d859c83cb3ee9734671488f9d2-624f92f16705fa116eb5.js","component---gatsby-theme-cxlist-design-src-templates-page-js-cb47bb5ea074a06e5188.js"],"component---cache-caches-gatsby-plugin-offline-app-shell-js":["component---cache-caches-gatsby-plugin-offline-app-shell-js-96dd417c20c8ee991d4e.js"],"component---gatsby-theme-cxlist-design-src-pages-404-js":["baedf866-cfae6f7bd4aa40c0f9fd.js","46c8b76104c3d6b8e871ce2b4e3b0403dffbd2c9-fd3165c4b09e6895daee.js","e7ac77c72ca1f8d859c83cb3ee9734671488f9d2-624f92f16705fa116eb5.js","component---gatsby-theme-cxlist-design-src-pages-404-js-e69a84c2df9f12954baa.js"],"component---src-pages-about-mdx":["component---src-pages-about-mdx-f30173da50dd4391a32e.js"]}}